host_verified,mean_rating_range
0,4.517378048780484
1,4.619792829673782
