superhost,mean_rating_range
0,4.5356691031768435
1,4.825232403718443
