neighbourhood_match,mean_rating_range
0,4.609290371113326
1,4.602618384401117
